tree_node,pair_age,sp1,sp2,abaxial_stomatal_density_mm2,adaxial_stomatal_density_mm2,abaxial_stomatal_length_um,adaxial_stomatal_length_um
737,3.1922330003012576,Ageratina_pichinchensis,Ageratina_cylindrica,0.02482407234941464,0.09690939001038235,-0.04103832622430659,0.0991476142053016
738,1.8090730003012132,Stevia_origanoides,Stevia_salicifolia,0,0,0.014141182240180017,-0.037621635586103874
739,1.043023000301213,Argyroxiphium_grayanum,Wilkesia_gymnoxiphium,0.1277627701292987,0.6925675127268882,-0.1448770665504875,-0.15234811379139956
740,7.857438000301213,Florestina_pedata,Schkuhria_pinnata,-0.6283925947507054,-0.22187200883568892,0.21547191467202365,0.06232410737093641
743,3.1987610003012037,Tagetes_tenuifolia,Tagetes_micrantha,-0.2730023103912078,0.07918290737276923,-0.036740359032879866,-0.04176328331910861
744,9.663451000301157,Galinsoga_parviflora,Melampodium_longifolium,0.6154258407657665,-0.2430291485708782,-0.3072375815920394,0.030907355178446894
749,1.4613220003011307,Tithonia_tubiformis,Lagascea_rigida,0.43933609200803403,0.4771212547196624,-0.13944073445407357,-0.1846048539791567
750,5.956327000301213,Ambrosia_psilostachya,Parthenium_argentatum,-0.28910888366712495,-0.11639248178203188,-0.14059674138765432,-0.08729953879666508
756,5.015197000301157,Bidens_odorata,Bidens_bigelovii,0.0669461963009339,-0.057991501979895776,0.011388215302425841,0.2696724011206546
757,2.308418000301174,Cosmos_parviflorus,Cosmos_bipinnatus,0,0,0.05015274657015989,6.934288405346933e-5
759,2.0846550003012134,Helichrysum_plicatum,Pseudognaphalium_viscosum,0.37413709399941286,0.24215782085718462,-0.1061766140353333,-0.07958675491158895
761,5.866190000301174,Inula_vulgaris,Inula_oculus-christi,0.032530280908357856,-0.8100679003688271,-0.009995522663134082,0.010279917023527263
771,1.339117000301144,Conyza_coronopifolia,Conyza_bonariensis,-0.27621699893557095,-0.09689755279540302,0.003451149929464492,0.020618859650925137
773,1.78729700030118,Baccharis_sarothroides,Baccharis_salicifolia,-0.7707387518991882,-0.32020235948124554,0.13432082022466663,-0.08288660103651724
778,1.7901130003011563,Artemisia_scoparia,Artemisia_chamaemelifolia,0.011466523157878772,0.4803375479828531,-0.09588386015755801,-0.0712416966982401
780,0.2611734368950333,Artemisia_splendens,Artemisia_parviflora,-0.3708875136295773,-0.43996562250469196,0.09438678440806925,0.10869788167173988
783,3.352306000301212,Achillea_biebersteinii,Achillea_millefolium,0.030916840988367777,0.08505136568381833,0.033874552832506843,0.03377105608399522
786,2.2119040003012174,Tanacetum_chiliophyllum,Tanacetum_graminifolium,0.3159171310126889,0.19587418600651718,-0.1749671394775727,-0.17736409561104116
789,1.7211130003011563,Ligularia_sagitta,Ligularia_virgaurea,-0.15533603746506186,0.1739881339679168,0.21034944592139615,0.12715792632155676
790,5.5103920003011,Roldana_lobata,Barkleyanthus_salicifolius,-0.3010424558766349,-0.30102999566398103,0.02834098644537031,0.12225526439451584
798,5.951037000301157,Crepis_foetida,Crepis_sancta,0.06075479382568583,0.021265604873859978,-0.006754724413898794,-0.007739302115290281
799,9.43482300030115,Taraxacum_officinale,Taraxacum_mongolicum,0.22961425650561873,-0.1878802009865197,-0.0628599775483123,0.06121940467489018
800,5.549927000301184,Picris_echioides,Leontodon_asperrimus,0.4018198987246513,0.09197747917582433,-0.2400231081251607,-0.0015639207693567414
801,10.065603000301158,Sonchus_asper,Aposeris_foetida,-0.41380779661553113,0.26727467838142727,-0.03914855016697394,-0.03342375548694965
802,2.627489000301125,Hieracium_procerum,Hieracium_pilosella,-0.34827087557693526,-0.459335249156297,0.08265241624166197,0.07993705838173959
805,1.7666050003011564,Tragopogon_pterocarpus,Tragopogon_kemulariae,-0.03785799670583745,-0.09153429125149293,0.01679379462535846,0.029515752002688966
806,9.506688000301157,Scorzonera_laciniata,Koelpinia_linearis,0.19894524229625676,0.08716175705950269,0.0032447034423490617,-0.02630401436400187
811,2.4619620003011846,Centaurea_aziziana,Centaurea_montana,-0.060912359736537525,-1.323954201645419,0.1602992268230432,0.20020012265388853
813,0.9108190003011564,Centaurea_macrocephala,Centaurea_rhizantha,0.11950013812105942,0.4982275883980738,0.014062645398480456,-0.039792038752416437
814,5.983427000301213,Carthamus_lanatus,Crupina_crupinastrum,-0.44518283984473994,-0.3141200306312153,0.06223358299597703,0.03980236881521981
815,3.2795870003012055,Serratula_quinquefolia,Serratula_centauroides,0.021294264504141847,-1.71185400173474,0.006145016376363888,0.004274119065017734
821,0.7921990003012701,Saussurea_globosa,Saussurea_glanduligera,0.41119274101135406,0.1863104242373672,0.002714349347691103,-0.05200827539796471
824,1.8644990003011566,Cirsium_vulgare,Cirsium_echinus,0.04852828479568627,-0.16029468445263295,-0.024586004680867246,-0.15081522161551697
826,4.382118000301205,Carduus_thoermeri,Carduus_seminudus,0.4283653180728395,0.5782644886777448,-0.14612803567823796,-0.048940163107342505
827,1.547012000301213,Carduus_defloratus,Carduus_pycnocephalus,0.19822182298459756,0.12554594044216727,-0.07330437041781668,-0.04258744377116841
830,0.2800590003012133,Scaevola_kilaueae,Scaevola_chamissoniana,-0.18481482746053812,1.5007344553555737,0.03391337727714472,0.10712917818974232
832,0.31047600030121325,Scaevola_procera,Scaevola_gaudichaudiana,-0.01970423795464038,0.26735605088519065,0.06378059469394759,0.04844662907145625
833,0.28440200030121326,Scaevola_coriacea,Scaevola_gaudichaudii,0.2594868360056992,0.1555907697762957,-0.2922560713564759,-0.20925962230833584
837,12.280715000301216,Campanula_scheuchzeri,Campanula_stevenii,-0.03354596960784484,0.13179841693870276,0.030717862111024674,0.026114721660378093
838,2.385286000301213,Campanula_glomerata,Campanula_rapunculoides,0.12734106103097131,0.24963607497572782,-0.03981055414835044,-0.034225829819096276
848,7.458027000301156,Trinia_leiogona,Saposhnikovia_divaricata,-0.5727340355392689,-0.5840831269703792,0.4258601450778403,0.39534172318396443
850,4.0232000003011565,Heracleum_persicum,Heracleum_pastinacifolium,-0.034779082397462524,-0.02066994112415843,-0.06307687925685634,-0.06113496081763459
852,10.257041000301212,Carum_carvi,Falcaria_vulgaris,-0.42817684393958233,-0.12525918548424797,-0.06987127116470959,-0.06138060181090266
853,1.9652660003012132,Pimpinella_aurea,Pimpinella_tragium,-0.5296910255572573,-0.015494117951428077,0.10891129117414922,0.0892998684618973
855,15.059130000301248,Daucus_broteri,Caucalis_platycarpos,0.12358969564190048,0.3730162301185753,-0.11450445636667528,-0.04311266555249871
856,12.13797800030127,Bupleurum_falcatum,Bupleurum_gerardii,0.11628164717979583,-0.05867790556234098,-0.03631052946199986,0.06715705082179513
859,11.085577000301214,Valerianella_lasiocarpa,Valerianella_dactylophylla,0.09150455000095925,0.1706149874827363,-0.1028582443703161,-0.06989117027739455
861,17.220766000301158,Knautia_dipsacifolia,Cephalaria_hirsuta,0.027408293762126723,-0.28780172993022624,0.06439697693270374,0.058471506604002466
877,1.1428700003011563,Ziziphora_clinopodioides,Ziziphora_capitata,-0.053252258118082096,0.23127337561054384,0.024909898836496414,0.002482702860266306
881,1.6496260003012133,Mentha_pulegium,Mentha_requienii,-0.4033350405587437,-0.023802914672624853,-0.016186761093275104,0.02511072058303121
884,6.483166000301213,Thymus_mongolicus,Thymus_kotschyanus,0.3734092899376571,0.48361541273226893,-0.31875876262441283,-0.2979389186868393
885,8.39664400030125,Nepeta_haussknechtii,Nepeta_betonicifolia,0.21586457664712766,-0.10204003495991065,-0.0174468105460186,-0.01683791182992933
888,1.79977400030127,Salvia_sclarea,Salvia_atropatana,0.07030955537601713,-0.05170261052840264,-0.044621655288423545,0.021943549477343005
891,5.686680000301213,Teucrium_polium,Teucrium_chamaedrys,0.02987189828674186,-1.3025529468981742,-0.11687879326625539,-0.08249390932153111
892,3.9223690003012734,Ajuga_orientalis,Ajuga_comata,0.1696515368865703,0.21030998993253225,-8.201975656032534e-4,0.02398525037190935
897,8.217074000301157,Lamium_amplexicaule,Lamium_album,-0.12135654289680975,0.34483950189067625,0.003760148873306779,-0.032475480914107235
898,1.1853560003012262,Phlomis_tuberosa,Phlomis_herba-venti,0.2042715953235157,-0.3971286513526653,-0.11100241656634635,-0.11901863773494648
901,4.846035000301213,Stachys_byzantina,Sideritis_montana,0.38533570181518195,0.3358309652125122,-0.0785122116318695,-0.044066130907987056
902,7.452625000301225,Scutellaria_pinnatifida,Scutellaria_viscidula,-0.0767550135814985,0.46111599405588266,-0.1621991880999869,-0.17221360399247931
903,9.534514000301213,Pedicularis_alaschanica,Pedicularis_integrifolia,0.7276151857855488,-0.08065593161363083,0.06366907986937731,0.12185079940062038
907,5.472213000301224,Scrophularia_variegata,Scrophularia_oxysepala,-0.3733082999061823,0.31517738259435935,0.03992794689995116,-0.04585884790100292
909,5.887421000301231,Verbascum_suworowianum,Verbascum_speciosum,-0.14583905564165045,0.09013349453252739,0.01859943140785858,-0.0031459353925482603
911,2.90165700030127,Leucophyllum_frutescens,Leucophyllum_laevigatum,-0.140178703165037,0.22518735272209,0.12224048488955908,0.1570696850716784
912,4.743626000301276,Myoporum_serratum,Myoporum_laetum,0.24006788257014877,0.13926887093830187,0.014573525916998342,-0.005466514807105138
919,11.461343000301214,Veronica_multifida,Veronica_polita,-0.06933914822561471,0.16157669918596906,-0.13000537945712654,6.676319253362539e-4
920,10.087415000301156,Veronica_anagallis-aquatica,Veronica_gentianoides,0.026667204992619986,-0.12294914657126621,0.057191372529054485,0.12182011421844896
922,9.471297000301213,Plantago_lanceolata,Plantago_ovata,-0.2836718287644908,-0.1799963096092192,0.046343978809026964,0.05099832593168241
926,18.624595000301145,Myosotis_silvatica,Lappula_barbata,-0.04692334184063629,-0.22215351768633984,-0.002537268065360143,-0.010080788732561352
929,11.562148000301192,Onosma_microcarpum,Onosma_dichroanthum,-0.22278202668096414,-0.18720106688090032,0.08324766979498266,0.004360821031128115
930,46.982348000301215,Heliotropium_ellipticum,Ehretia_rigida,0.2362664297084791,0.5661732547935816,0.23717492550121277,0.31520194718879613
935,2.31926100030127,Galium_verum,Galium_aparine,0.6130086973234679,-0.3308144602482428,-0.11443272331753307,0.05110947397810839
938,0.8013710003012133,Asperula_glomerata,Asperula_molluginoides,-0.05441913793765796,-1.6717044752259376,-0.057301045204822376,0.0873270189861215
944,7.839159000301182,Asclepias_subulata,Pergularia_tomentosa,0.5550900064481366,-0.01906012562553938,-0.08996762390494473,0.01062842654249252
945,3.9650630003012566,Catharanthus_pusillus,Catharanthus_roseus,-0.3133804340504103,-0.9886863346422219,-0.06963592814139452,-0.08543019532462637
946,9.539524000301213,Gentiana_verna,Gentiana_straminea,-0.27862588606236205,-0.3437610315944686,0.1350896540516664,0.10603011773627768
952,1.3847610615096009,Solanum_giganteum,Solanum_incanum,-0.3963861806034159,0.8239087409443187,0.024476287039668643,-0.10839587300746212
956,0.017095815575203854,Solanum_sitiens,Solanum_lycopersicoides,-0.3050512695680172,-0.22373289350568792,-0.006740703275977644,-0.0013594693343623732
963,0.017095815575203854,Solanum_galapagense,Solanum_cheesmaniae,0.19953354568110582,0.5158255467031081,0.02281497687676559,0.005749505446338565
966,0.0512874467235652,Solanum_arcanum,Solanum_peruvianum,0.07569382178103856,-0.14787075161662133,-0.04647149270642292,-0.06294550882659822
968,1.11122801232271,Solanum_triflorum,Solanum_dulcamara,-0.14191155127707455,0.685606042778037,0.03215918238892712,0.0060025396124001595
970,0.0854790778718697,Solanum_aviculare,Solanum_laciniatum,-0.15391828010448982,-0.3959153221056233,0.10910701733105532,0.09170013137119648
971,0.03419163114932768,Solanum_simile,Solanum_symonii,0.15859112831106126,-0.6425935377650498,0.03962284935993554,0.05116900827811577
973,14.577689000301213,Convolvulus_arvensis,Convolvulus_lineatus,-0.06314404599376555,-0.18647966285036954,0.048133300743543384,0.027471119096228014
978,10.641989000301237,Primula_macrocalyx,Primula_auriculata,-0.005773543985339913,-0.3238228176151883,-0.014853183191380515,-2.8118776113617017e-4
979,7.8558840003012165,Fouquieria,Fouquieria_columnaris,-0.068669283310411,0.07467650099078282,0.05983235011577004,-0.034862416799420703
985,67.88895200030123,Aloinopsis_schooneesii,Rhombophyllum_rhomboideum,0.3740368066229358,-0.0852905782300648,-0.09242381637063057,0.018318009681387526
992,7.727342000301235,Silene_persica,Silene_ruprechtii,0.19480222277528458,0.5235463772056741,-0.06694678963061329,-0.05406822913500364
994,0.12045400030127011,Dianthus_crinitus,Dianthus_cretaceus,-0.015420358867493711,-0.19531870207730706,0.02555410447238815,0.013363961557981474
997,32.806216000301276,Arenaria_gypsophiloides,Arenaria_serpyllifolia,0.24421199453915743,0.1547962793715454,-0.08541844053323344,-0.07213997533448535
1000,8.687016000301242,Cerastium_szowitsii,Cerastium_holosteoides,0.1501555249612816,-0.15126767533064922,-0.008527795379464687,0
1002,4.716033000301252,Minuartia_lineata,Minuartia_recurva,0.1275788327745082,0.07511288391321225,-0.0027409475322979215,-0.00531825140977249
1003,8.724436000301239,Herniaria_incana,Herniaria_hirsuta,0.06621626888325727,-0.060956425941425696,-0.07638834586345467,-0.05881996339991691
1005,23.184846000301214,Kochia_prostrata,Noaea_mucronata,0.2848263689020347,0.15460211696921755,-0.07833166068982256,-0.023067789696098462
1012,0.9601760003012133,Atriplex_canescens,Atriplex_lentiformis,-0.3272440163309114,-0.343332833754489,0.19642171233614691,0.1376732052656584
1016,22.24307400030122,Rumex_acetoselloides,Rumex_sp.,-0.019744058195757086,0.1496163635240595,-0.20207234475030011,-0.2682634210259167
1017,33.8067900003012,Rheum_emodi,Fagopyrum_esculentum,-0.1524598102595629,-0.10914446942506806,0.17069622716897492,0.07378621416091868
1025,0.027737000301213278,Limonium_biflorum,Limonium_antonii-llorensii,0.018786437077310536,0.09169780348981615,-0.010990759631298364,0.007362197384122249
1026,0.7074310003012133,Limonium_barceloi,Limonium_companyonis,-0.07877555290268434,-0.06421106730520676,0.024830469390785037,0.002099708733335648
1027,0.016007000301213277,Limonium_ejulabilis,Limonium_magallufianum,0.09865067457977483,0.030144141709243844,0.04727968674606342,-0.002100263746723119
1048,0.0031230003010995896,Trifolium_angulatum,Trifolium_montanum,-0.5711673276521294,-0.16123851026505376,0.2515446325840629,0.15078539379091116
1054,1.0046520003011565,Trifolium_alpestre,Trifolium_medium,-0.42313944225341693,-0.3716110699496884,0.12350778150185104,-0.040324309510199274
1056,2.4545150003010994,Trifolium_stellatum,Trifolium_incarnatum,-0.04636874257136636,-0.2499954719897488,0.11650556907143717,0.11825715125178471
1058,1.1974140003011564,Trifolium_dalmaticum,Trifolium_scabrum,-0.21473895866621895,-0.13034010860671374,0.17745696609905615,0.1623652345489235
1060,1.8273210003011564,Trifolium_pannonicum,Trifolium_canescens,-0.2396223446612522,-0.321121204434867,0.137894279868791,0.17566899895250532
1062,2.432821000301156,Trifolium_campestre,Trifolium_micranthum,-0.146536015493965,-0.06756063352348285,0.06772162388057423,0.048304679574554976
1066,7.6584470003010985,Medicago_sativa,Medicago_ruthenica,-0.41201978854847043,-0.2920024738238878,0.2332500095411003,0.28036679536450015
1067,4.332902000301156,Medicago_lupulina,Medicago_minima,0.026488212342106632,0.14925119587350144,0.1633370698012766,0.1266243840659258
1068,7.443503000301099,Trigonella_calliceras,Trigonella_spicata,0.17043952275953034,0.12038221821647621,-0.01449393072075833,-0.011062607346547848
1072,5.241272000301156,Vicia_grandiflora,Vicia_faba,0.5351479995405553,-0.018483405694013078,-0.28800948567147033,-0.2855178294857337
1075,9.1682510003011,Lathyrus_pratensis,Lathyrus_rotundifolius,-0.03075536633628828,0.38938577637591343,0.022646416444282558,0.049173481930498086
1084,0.5514859123819619,Astragalus_alyssoides,Astragalus_onobrychioides,-0.04397982579328685,-0.017401579583031346,-0.004001066239650353,0.012394079494028043
1085,2.218198892022876,Astragalus_hamosus,Astragalus_tanguticus,0.0067165863221885225,0.03060111012404798,-0.04430742416544242,-0.06788669419204352
1087,1.3970976446998065,Astragalus_aureus,Astragalus_hirticalyx,0.23747092271848969,0.089670320391257885,0.030282322937650097,-0.012183605239399098
1090,0.7007920003010781,Oxytropis_falcata,Oxytropis_microphylla,0.1859247617647246,0.17929639893089222,-0.020289206557275508,-0.05162076452174613
1091,0.9752310003010997,Oxytropis_ochrocephala,Oxytropis_sericopetala,0.28160144382565533,-0.014240439114610037,0.14246308159183263,0.1522883443830565
1092,8.978574000301135,Colutea_cilicica,Astragalus_sinicus,-0.12484130337353028,-0.4510135222744176,0.06328537150761226,0.09554992432466025
1096,0.12434659782952906,Onobrychis_hohenackeriana,Onobrychis_michauxii,0.18127064390870062,0.07536808065193812,0.006052982748037783,-0.03375795672075843
1098,6.5642990003011565,Caragana_pygmaea,Caragana_microphylla,-0.20531146346334372,-9.972323139484374e-4,0,-0.11218150615055034
1104,0.47567934580943966,Lotus_alpinus,Lotus_krylovii,0.11918640771920885,0.2523380717642567,-0.05657345530215263,-0.026543564119305918
1106,4.8519293272468715,Lotus_creticus,Lotus_ornithopodioides,0.032184683371401235,-1.1760912590556813,0.05424045965506097,0.010995384301463185
1107,17.789770000301214,Dorycnium_intermedium,Anthyllis_boisseri,-0.008588360813414742,-0.18423161660640508,-0.06670019485807344,-0.06665514064919842
1110,4.867054000301209,Coronilla_varia,Coronilla_scorpioides,0.03161542416715868,-0.16560923098997948,0.019015303472567524,0.05527418452992072
1111,4.159084000301213,Hippocrepis_comosa,Hippocrepis_unisiliquosa,0.1684840809135757,0.047534866963926614,-0.10126647854201187,-0.06364954389483879
1113,30.44415500030116,Glycine_max,Lespedeza_davurica,0.5481525053738627,0.7216331242111536,-0.13900776181952446,-0.19773573218205742
1114,59.20721000030121,Thermopsis_alpina,Sophora_alopecuroides,-0.22779808212955732,-0.07846399653380765,0.3756636139608853,0.3371263410122576
1123,5.9418050003011,Acacia_longifolia,Acacia_melanoxylon,0.28741410156739455,0.1406394744260968,-0.043787897697770584,-0.010041938294140573
1124,4.931825000301156,Prosopis_velutina,Prosopis_nigra,-0.18645078016609684,-0.05799194697768684,0.011748327053478613,-0.04961301540491614
1126,9.380412000301215,Parkinsonia_aculeata,Cercidium_peninsulare,0.020584822336482844,-0.2979282893146049,0.1979165391138188,0.28571838108565084
1127,13.059640000301158,Cassia_pruinosa,Cassia_sturtii,0.23594907113597707,0.14200785333098187,-0.18768550026286723,-0.2056193978929699
1131,3.1163570003011567,Spiraea_crenata,Spiraea_hypericifolia,0.10135422499881619,1.3126874934079455,-0.04053973336476657,0.026597768493794804
1139,46.053323000301155,Potentilla_szovitsii,Potentilla_tanacetifolia,0.08272086693067271,1.3492480847723132,-0.19382002601611292,-0.34034326856498653
1140,18.663681000301157,Potentilla_inclinata,Potentilla_recta,-0.05473458323616098,0.3509130214988383,0.010227055634750792,0.0012675513759869972
1142,65.51350700030116,Sanguisorba_officinalis,Sanguisorba_minor,-0.0561271263438492,0.8088700150748853,-0.306794639898021,-0.3382096051118777
1143,1.8724570003011562,Geum_urbanum,Geum_rivale,-0.4407858638474953,-0.8122704335322446,0.033026413755753437,0.029733983740606762
1146,13.310579000301175,Ziziphus_obtusifolia,Ziziphus_spina-christi,0.17599256697892374,-0.12022663452048632,0.021523500303746834,0.09480503453115907
1148,35.52554800030116,Cucurbita_pepo,Xerosicyos_danguyi,-0.4837915764248395,0.4734869700645683,-0.38038499425719363,-0.32265380650793696
1154,2.376495000301213,Hypericum_linarioides,Hypericum_perforatum,0.05784978063393176,0.13430394008392954,0.0057404484748737605,-0.03406960606161413
1157,4.721027000301206,Populus_sp.,Populus_nigra,-0.0873396772553443,-0.45546088038522137,-8.525756063255674e-4,-0.014791861975300469
1161,7.409693000301214,Viola_odorata,Viola_arvensis,0.15393527759894066,-0.6324127548537699,-0.11372107414013,-0.1075005956961983
1162,50.20618900030121,Andrachne_telephioides,Bridelia_verrucosa,0.02996322337744317,-0.016390416188169166,-0.1249387366082999,0.08354605145007477
1168,31.05389800350124,Acalypha_wilkesiana,Mercurialis_perennis,-0.25155915772601967,-1.8791778295865322,-0.026752158975334783,0.005603877517998512
1173,6.695787324512953,Euphorbia_milii,Euphorbia_tirucalli,0.44679752123692706,0.06069784035361181,0.27555693329150444,0.2696215314123571
1177,0.1300152878556806,Euphorbia_densa,Euphorbia_kanaorica,-0.035074211541708866,0.07667810089382066,-0.0911901535206403,-0.10914446942506784
1178,1.9285601031776551,Euphorbia_micractina,Euphorbia_helioscopia,0.27596759176141417,0.043268690156980316,-0.06694678963061329,0.09938463213591175
1182,0.45505350749212514,Euphorbia_hirta,Euphorbia_prostrata,-0.2730012721274493,0.17089006538171692,-0.03950854129091175,-0.194265228000433
1186,0.021669214643513453,Euphorbia_atrococca,Euphorbia_kuwaleana,0.2632414348579857,-0.3093025216099976,-0.003966187138874311,0.0434656938270912
1188,22.1822760035013,Vernicia_fordii,Baliospermum_montanum,0.045757490560674796,-0.007597181750521376,0.004628404182071,0
1189,30.948254001901148,Pedilanthus_tithymaloides,Pedilanthus,0.6195146689880986,0.29896683510020794,-0.054848668007345225,0.12942889761326648
1191,21.58896900030116,Linum_nodiflorum,Linum_tenuifolium,-0.6812412373755872,0.42210049358766377,-0.08388209356177057,-0.09502388542641071
1192,68.53955400030117,Maytenus_heterophylla,Parnassia_palustris,-0.18543457952482667,-1.5492076840026865,0.5468322896855329,0.419219607042
1195,3.6605590003012134,Larrea_tridentata,Larrea_divaricata,0.183644396946127,0.01977130078092193,-0.08628158646556394,-0.08175999974118198
1204,23.82128500000125,Alliaria_petiolata,Thlaspi_arvense,0.11072092195399286,1.3351377666884896,-0.00869194572530474,0.3229550754806927
1207,12.377458000001193,Alyssum_sibiricum,Alyssum_linifolium,-0.2282887943121854,-0.09053599692474723,-0.0034349023717725746,0.019787749527908627
1209,6.086232000001137,Alyssum_desertorum,Alyssum_minutum,0.14264919783069807,0.2471298795288046,-0.014763072433290558,-0.06906968472612429
1211,20.01888400000122,Sterigmostemum_contortuplicatum,Hesperis_hyrcana,0.35475883571181654,1.0188737936216186,-0.08054191510133002,-0.0706526396614815
1214,13.118960000001156,Arabidopsis_thaliana,Neslia_apiculata,0.2143265070741336,0.15852447348540366,0.08034015887582813,0.08357042358405975
1219,11.396711000301195,Helianthemum_salicifolium,Helianthemum_ledifolium,-0.38568133216438216,-0.0267015458563562,0.055255507506164925,-0.027827614783543453
1222,27.689066000301096,Dodonaea_viscosa,Dodonaea_microzyga,0.23257261500812954,-0.14266750356873126,-0.03389351700587562,0.13141233844433242
1224,21.499286000301215,Pistacia_atlantica,Schinus_molle,-0.44912117297973086,0.7063829428030828,-0.11183131662199708,-0.1130045365047061
1231,18.303785000301158,Eucalyptus_melliodora,Eucalyptus_leucoxylon,-0.3513578708072149,-0.242960970953924,0.2950292855945975,0.40360655946843393
1232,27.748323000301102,Eucalyptus_globulus,Eucalyptus_blakelyi,-0.1075176016004682,-0.3731164249470056,0.12880724853353365,0.12007724477534554
1235,20.447498000301152,Melaleuca_styphelioides,Melaleuca_quinquenervia,-0.015288930570682702,0.31498389979863717,-0.03759969614108605,-0.06977377752579361
1237,14.705408000301134,Callistemon_rigidus,Callistemon,-0.14420743782440582,-0.2021845249652916,0.1290946963794577,0.014723256820706299
1240,14.561485000301158,Geranium_robertianum,Geranium_lucidum,-0.2951107442444565,-1.3761205256094515,-0.023322268578612526,-0.00203563677712415
1242,3.7196540003012135,Pelargonium_zonale,Pelargonium_peltatum,0.6247239759639063,0.30102999566398103,-0.08501078970834874,-0.09455610761457911
1243,52.12465700030116,Cissus_trifoliata,Vitis_vinifera,0.7420024186092096,-0.10708889858388115,0.315879063969422,0.1917336443037565
1249,24.458419742601222,Sedum_serpentini,Sedum_micranthum,-0.332883925039845,-0.33671487423255475,-0.024094939742392407,-0.049172667912487755
1251,22.056909440301233,Dudleya,Sedum_subulatum,0.34430989501147713,0.1401618762415413,0.1284181213611284,0.19799913912282707
1254,13.828373645301212,Kalanchoe_fedtschenkoi,Kalanchoe_beharensis,-0.21584285294260375,-0.06148027482350815,0.16127804894511244,0.20131090491939196
1255,8.71028570030127,Cotyledon_orbiculata,Tylecodon_paniculatus,0.06632592536203763,0.09691001300805646,0.21994733415320744,0.16533116068849285
1265,5.090957000301156,Ranunculus_polyanthemos,Ranunculus_wallichianus,-0.030366280930181455,-0.163809075347902,0.04627574179389682,0.03327286236409277
1267,3.1393510003011564,Ranunculus_lanuginosus,Ranunculus_acris,-0.5329790721846634,0.1383026981662816,-0.00414011221028443,-0.04285820384862937
1268,2.5612980003010994,Ranunculus_strigillosus,Ranunculus_constantinopolitanus,0.12932729184082548,1.080581395868253,-0.10731855684230918,-0.08435918496210082
1269,4.136401000301157,Ranunculus_caucasicus,Ranunculus_arvensis,0.2845188528428746,0.24122470792282624,-0.09847417268881364,-0.09605305392145413
1270,12.034304000301157,Hepatica_nobilis,Anemone_albana,-0.40388934118523867,-0.8832815936383909,0.07080721044385152,0.09716615838965059
1272,7.169397000301213,Caltha_leptosepala,Caltha_palustris,-0.09691001300805624,-0.2319490765206822,0.08322659981235181,0.13591776915306775
1273,13.181439000301225,Nigella_hispanica,Nigella_damascena,-0.22933677100890648,-0.012234456417011597,-0.022592513479376075,0.08477956676562948
1279,23.254723000301215,Epipactis_helleborine,Cephalanthera_kurdica,-0.19298152654229517,-0.8587662860528111,0.04870673486338539,0.18858274918788465
1280,9.98062200030127,Gymnadenia_conopsea,Dactylorhiza_umbrosa,0.21266214111945114,0.27901425584626094,-0.09600210429680334,-0.056945593818035656
1288,4.367919000301156,Beaucarnea_recurvata,Dasylirion_wheeleri,-0.20517868468581169,-0.2763085868557602,0.02582773326348553,0.1347578591998353
1289,15.881341000301102,Agave_deserti,Yucca_brevifolia,0.31185409442510403,0.17609125905568135,-0.017277317354391863,-0.09558222175344766
1291,9.438787000301156,Bellevalia_fominii,Muscari_neglectum,0.05418902957160365,0.12947710661876677,0.02549258832107948,0.05139215407744735
1292,15.602168000301162,Scilla_violacea,Scilla_mischtschenkoana,0.22412960436996698,-0.9162146019018703,-0.5291974099813621,-0.470844669671729
1293,24.75399800030118,Allium_rubellum,Allium_atroviolaceum,-0.03367090402170492,0.016831312075038518,0.08684843512809448,0.0809870469108871
1298,5.8143170003012195,Gasteria_verrucosa,Haworthia_attenuata,-0.08635983067474817,-0.13859944876334374,0.05799194697768684,0.14817548399071523
1299,55.65941000030118,Iris_acutiloba,Gladiolus_segetum,0.011427373203985347,-1.3509642999720446,0.0787363123785303,0.021166680154701467
1305,23.87005650030119,Achnatherum_splendens,Achnatherum_sibiricum,-0.34190287886679194,0.21991424983915664,0.1362197470179889,0.161098894832848
1317,0.9032060003012132,Panicum_dichotomiflorum,Panicum_miliaceum,-0.12005549439519125,-0.0865320444763178,0.005908681449137365,0.009749013492673209
1318,10.478809000301213,Panicum_bisulcatum,Panicum_virgatum,-0.3521425513594272,-0.3263153555151299,0.34394596812184175,0.3451930352136108
1320,6.467701000301194,Eriochloa_sericea,Panicum_maximum,-0.0062315945351933966,0.09506391259974989,-0.19334094691465098,-0.16151504714201947
1322,6.01753100030124,Pennisetum_alopecuroides,Setaria_viridis,0.41197826506246304,0.16862975046970385,-0.243822900260815,-0.25348472513184506
1324,0.06998500030121327,Echinochloa_crus-galli,Echinochloa_esculenta,-0.3135990395308397,0.04439504344684986,0.023807570507426545,0.04313440411056191
1331,4.3383190003012135,Bothriochloa_ischaemum,Heteropogon_contortus,-0.017491568654075085,-0.2959382887482318,0.1502443218298284,0.14382548476105583
1334,6.548265000301228,Sorghum_sudanense,Sorghum_bicolor,-0.0604411446941735,-0.1201355284226544,0.08550193517272087,0.07626595725965579
1337,2.7601670003011805,Saccharum_sinense,Saccharum,0.012834838478310573,0.042180765710293944,-0.04618098594469955,-0.05604879169168453
1338,2.7519600003011564,Saccharum_officinarum,Saccharum_spontaneum,-0.23753660400053622,-0.460343845164646,0.025918904562635126,0.055657024784045106
1339,6.9628040003012694,Ischaemum_afrum,Coix_lacryma-jobi_var._ma-yuen,0.2772885178995108,0.4791502408753585,-0.22933101572381376,-0.2273523687103809
1340,4.69445300030127,Zea_mays,Zea_mais,0.3524646463352299,0.43214368045091933,-0.318132864638232,-0.2948343338426469
1343,3.7641970003012375,Paspalum_macrophyllum,Paspalum_dilatatum,0.13083905596479806,-0.634803735478843,0.002360978604001751,0.029887094796146485
1349,9.070347000301213,Cynodon_dactylon,Chloris_gayana,0.0960393765870915,0.3016819216211082,0.03714282710361494,-0.06686335953698896
1351,1.3970990003012134,Eleusine_coracana,Eleusine_indica,0.16329813460391152,0.9092761799811986,-0.044006713312521706,-0.043374965200748905
1353,2.6706450003011923,Zoysia_tenuifolia,Zoysia_japonica,0.48564563397933025,0.18711535292924264,-0.11394335230683672,-0.032026383941216485
1354,4.195962000301213,Eragrostis_curvula,Eragrostis_ferruginea,-0.024346167634563542,0.283268176161398,-0.022728059897099362,-0.07961875487170422
1357,3.737720000301157,Phragmites_australis,Molinia_caerulea,1.4400690537919019,0.35739721513906275,-0.46852108295774486,-0.44493657134826115
1365,12.664181000301186,Festuca_sulcata,Dactylis_glomerata,-0.3812395814193066,0.11512967329220913,-0.0038243019326797967,0.017886663519852464
1369,3.5658460003011214,Alopecurus_apiatus,Alopecurus_arundinaceus,-0.3018863110552512,-0.3113971529820516,0.10054898258374867,0.08557219123300386
1373,4.51171600030127,Agrostis_canina,Calamagrostis_epigeios,0.07327856421193801,0.30839109531035014,-0.12354347769445018,-0.22104746805712838
1376,0.7110740003011564,Avena_barbata,Avena_sativa,0.6220176334117802,0.19634713994355613,-0.3868103714603073,-0.4275800247724697
1382,1.28539700030127,Leymus_chinensis,Leymus_secalinus,-0.044455257255430425,-0.1324267580008498,0.10576057075667511,0.14159228184535677
1385,1.54336100030127,Hordeum_vulgare,Hordeum_bulbosum,0.23272591874585635,0.190857867843373,-0.2436778951837939,-0.2667572395380904
1386,1.1569680003012195,Agropyron_tsukushiense,Agropyron_imbricatum,-0.25666034530436144,-0.285508484694893,0.08325369567874974,0.054563763345488736
1388,1.4341300003012134,Aegilops_kotschyi,Aegilops_tauschii,-0.20090855052722456,0.025466506835643443,-0.008140820512223534,-0.023886245976607157
1389,2.575929000301187,Triticum_sativum,Triticum_aestivum,-0.7008893422743281,-0.16571464685956538,0.6300912072801557,0.6333726511002087
1393,0.9236666823955073,Bromus_japonicus,Bromus_scoparius,-0.05198470177166592,0.10797042311655458,-0.07506804091399677,-0.055750131115605894
1394,0.15394444706596527,Bromus_sterilis,Bromus_tectorum,0.19128950236317444,0.2415640304755995,-0.0664771332174865,-0.05016660946573004
1396,0.15394444706596527,Bromus_adjaricus,Bromus_tomentellus,0.27618283332545146,-0.19121887702368245,0.020765612017576318,0.018726864121151987
1402,0.5851359523959986,Oryza_latifolia,Oryza_alta,-0.06768158013134995,-0.10433503053260651,0.2330619609550042,0.13129505311619427
1407,0.5851359523959417,Oryza_glaberrima,Oryza_barthii,-0.0037639828737385805,-0.056265416727685924,-0.070899060972341,-0.02044116024254472
1409,1.1702719047912014,Oryza_minuta,Oryza_punctata,0.14218346285790906,0.16201004798388263,-0.05912865011124668,-0.01181353828770959
1410,0.5851359523959417,Oryza_officinalis,Oryza_rhizomatis,-0.050903511647465205,-0.062023627314056196,-0.09401382810035064,-0.06515639119254346
1411,10.347611000301214,Typha_orientalis,Typha_angustifolia,-0.8884822869402693,-0.8996045260257441,0.4486596938164493,0.4477258980354384
1414,19.909915000301215,Hedychium_spicatum,Alpinia_japonica,-0.5757233005257223,-0.508475526278886,0.3204162499586136,0.28949632551989213
1416,31.300895500301216,Washingtonia_robusta,Phoenix_canariensis,0.07845076604066925,0.3485180495833169,-0.2334834998088653,-0.22171698141020157
1420,6.533462000301213,Araucaria_cunninghamii,Araucaria_heterophylla,0.30899892533525664,0.03342375548694965,0.16599093215135552,-0.02543591302196413
1421,35.01642200030121,Pinus_brutia,Picea_smithiana,-0.26661243086028796,-0.30102999566398114,-0.07188200730612526,0
756,5.015197000301214,Bidens_odorata,Bidens_bigelovii,0.0669461963009339,-0.057991501979895776,0.011388215302425841,0.2696724011206546
754,5.0263240003012015,Bidens_pilosa,Coreopsis_basalis,-0.22068544392211864,-0.019730073929339564,-0.15011246677508105,-0.10734352000330594
771,1.3391170003012007,Conyza_coronopifolia,Conyza_bonariensis,-0.27621699893557095,-0.09689755279540302,0.003451149929464492,0.020618859650925137
769,2.163465000301187,Conyza_canadensis,Erigeron_canadensis,-0.3228395957567418,-0.32884749312008976,0.19410939076083,0.009370750706411135
786,2.211904000301274,Tanacetum_chiliophyllum,Tanacetum_graminifolium,0.3159171310126889,0.19587418600651718,-0.1749671394775727,-0.17736409561104116
784,3.1057290003012668,Tanacetum_parthenium,Anthemis_triumfettii,-0.09620837008523475,-0.6335901237361192,-0.018031483005515492,0.002314391205442412
821,0.7921990003013093,Saussurea_globosa,Saussurea_glanduligera,0.41119274101135406,0.1863104242373672,0.002714349347691103,-0.05200827539796471
819,1.0792450003012846,Saussurea_medusa,Saussurea_hieracioides,-0.09322432343109366,0.09342168516223515,0.037555006443382055,-0.03314633964749247
881,1.6496260003012821,Mentha_pulegium,Mentha_requienii,-0.4033350405587437,-0.023802914672624853,-0.016186761093275104,0.02511072058303121
879,5.067830000301285,Mentha_longifolia,Mentha_spicata,0.26715124329738016,0.10852449147266618,-0.22479195649268147,-0.27963185096275067
884,6.483166000301253,Thymus_mongolicus,Thymus_kotschyanus,0.3734092899376571,0.48361541273226893,-0.31875876262441283,-0.2979389186868393
882,7.296114000301259,Thymus_praecox_subsp._polytrichus,Origanum_vulgare,0.03378963123049594,0.3783661900088171,0.041614146643979666,0.043378791433245745
888,1.7997740003013405,Salvia_sclarea,Salvia_atropatana,0.07030955537601713,-0.05170261052840264,-0.044621655288423545,0.021943549477343005
886,9.134691000301359,Salvia_viridis,Salvia_nemorosa,-0.16053827764485806,0.21484070810798217,0.01726357977919668,0.05812674429351827
929,11.56214800030125,Onosma_microcarpum,Onosma_dichroanthum,-0.22278202668096414,-0.18720106688090032,0.08324766979498266,0.004360821031128115
927,24.223762000301235,Buglossoides_arvensis,Symphytum_asperum,0.13638336395666473,-0.3796729062936919,-3.23015620620426e-4,0.0381710191208009
978,10.641989000301294,Primula_macrocalyx,Primula_auriculata,-0.005773543985339913,-0.3238228176151883,-0.014853183191380515,-2.8118776113617017e-4
976,32.21343200030128,Soldanella_alpina,Androsace_villosa,0.6024184680151776,-2.1057825978144415,-0.06722461789887091,-0.059786158928822886
1000,8.687016000301298,Cerastium_szowitsii,Cerastium_holosteoides,0.1501555249612816,-0.15126767533064922,-0.008527795379464687,0
998,16.345154000301306,Cerastium_glomeratum,Stellaria_media,-0.2624510897304293,-0.5949815241655134,0.012837224705172234,0.021331973975389218
1072,5.241272000301251,Vicia_grandiflora,Vicia_faba,0.5351479995405553,-0.018483405694013078,-0.28800948567147033,-0.2855178294857337
1070,8.980356000301242,Vicia_hybrida,Vicia_amoena,-0.4031412023578451,1.8305886686851442,0.15129284379763197,-0.06063204314389514
1123,5.941805000301201,Acacia_longifolia,Acacia_melanoxylon,0.28741410156739455,0.1406394744260968,-0.043787897697770584,-0.010041938294140573
1121,21.255298000301195,Acacia_baileyana,Acacia_rostellifera,0.1281033125111719,0.1695205978381007,-0.14973097577831118,-0.2015037429253237
1195,3.660559000301248,Larrea_tridentata,Larrea_divaricata,0.183644396946127,0.01977130078092193,-0.08628158646556394,-0.08175999974118198
1193,60.01164500030126,Guaiacum_coulteri,Balanites_aegyptiaca,0.9093001582447304,1.4883018133613912,-0.4953932293580463,-0.407968144284364
1288,4.367919000301185,Beaucarnea_recurvata,Dasylirion_wheeleri,-0.20517868468581169,-0.2763085868557602,0.02582773326348553,0.1347578591998353
1286,41.99976600030118,Asparagus_officinalis,Cordyline_fruticosa,0.4870618530697628,-0.2779946947836287,-0.1277112821934463,-0.16790333436395422
1317,0.9032060003012816,Panicum_dichotomiflorum,Panicum_miliaceum,-0.12005549439519125,-0.0865320444763178,0.005908681449137365,0.009749013492673209
1315,10.610030000301265,Panicum_coloratum,Panicum_antidotale,-0.046102032016194006,0.020963885204068777,0.09205751021364428,0.05818171953124307
1343,3.7641970003012943,Paspalum_macrophyllum,Paspalum_dilatatum,0.13083905596479806,-0.634803735478843,0.002360978604001751,0.029887094796146485
1341,12.746661000301287,Paspalum_distichum,Hymenachne_indica,0.11955586285157338,0.09569350105884133,-0.24231602943120945,-0.22308782173190478
1369,3.5658460003011783,Alopecurus_apiatus,Alopecurus_arundinaceus,-0.3018863110552512,-0.3113971529820516,0.10054898258374867,0.08557219123300386
1367,7.978319000301212,Poa_aitchisonii,Helictotrichon_pubescens,0.28448249877172915,-0.005918413438097625,-0.03922620780871289,-0.017015493169382445
1373,4.5117160003013055,Agrostis_canina,Calamagrostis_epigeios,0.07327856421193801,0.30839109531035014,-0.12354347769445018,-0.22104746805712838
1371,13.15730400030128,Briza_media,Phalaris_arundinacea,0.7037588759343325,0.3009813379437012,-0.12544615843070694,-0.1417699687994678
1376,0.7110740003012097,Avena_barbata,Avena_sativa,0.6220176334117802,0.19634713994355613,-0.3868103714603073,-0.4275800247724697
1374,7.87143200030124,Avena_eriantha,Arrhenatherum_elatius_var._subhirsutum,0.5684209071865316,0.12709844133182302,0.049419234137336954,0.0544964810809756
944,7.839159000301322,Asclepias_subulata,Pergularia_tomentosa,0.5550900064481366,-0.01906012562553938,-0.08996762390494473,0.01062842654249252
942,17.364269000301306,Cynanchum_mongolicum,Fockea_crispa,-0.35027072713606633,-1.002885688237488,-0.0250968968126577,0.029480405671347132
1075,9.168251000301211,Lathyrus_pratensis,Lathyrus_rotundifolius,-0.03075536633628828,0.38938577637591343,0.022646416444282558,0.049173481930498086
1073,9.94357200030123,Lathyrus_laxiflorus,Lathyrus_cyaneus,-0.10757267839015272,0.04173543085812037,0.0035974898177912884,0.005714483524429603
1204,23.821285000001296,Alliaria_petiolata,Thlaspi_arvense,0.11072092195399286,1.3351377666884896,-0.00869194572530474,0.3229550754806927
1202,26.93443000000127,Rapistrum_rugosum,Arabis_sagittata,0.07643294403145262,0.19427349207472888,0.10803301837476442,0.08778271809436888
1231,18.303785000301275,Eucalyptus_melliodora,Eucalyptus_leucoxylon,-0.3513578708072149,-0.242960970953924,0.2950292855945975,0.40360655946843393
1229,23.293114000301273,Eucalyptus_albens,Eucalyptus_sideroxylon,0.20697336948950884,0.10521876460962165,-0.23957751657678794,-0.22777000365265132
1385,1.5433610003013314,Hordeum_vulgare,Hordeum_bulbosum,0.23272591874585635,0.190857867843373,-0.2436778951837939,-0.2667572395380904
1383,2.7844930003013246,Hordeum_violaceum,Hordeum_vulgare_var._hexastichon,-0.4522753588632116,-0.42756582436545787,0.1149672517970064,0.09620326837380744
743,3.1987610003012605,Tagetes_tenuifolia,Tagetes_micrantha,-0.2730023103912078,0.07918290737276923,-0.036740359032879866,-0.04176328331910861
741,10.046667000301227,Pectis_prostrata,Dyssodia_papposa,-0.15491086010115973,-0.1249387366082999,-0.09657264775778307,-0.22526328856653377
901,4.846035000301242,Stachys_byzantina,Sideritis_montana,0.38533570181518195,0.3358309652125122,-0.0785122116318695,-0.044066130907987056
899,10.661835000301267,Stachys_asterocalyx,Stachys_lavandulifolia,-0.2005025841268866,-0.12036297551029307,0.018344747890327362,0.01372759377034316
938,0.8013710003012875,Asperula_glomerata,Asperula_molluginoides,-0.05441913793765796,-1.6717044752259376,-0.057301045204822376,0.0873270189861215
936,6.09597100030129,Sherardia_arvensis,Callipeltis_cucullaris,0.13955039445723605,0.25375512827980184,-0.056869899464746076,-0.11724343572812201
985,67.88895200030129,Aloinopsis_schooneesii,Rhombophyllum_rhomboideum,0.3740368066229358,-0.0852905782300648,-0.09242381637063057,0.018318009681387526
983,82.95543900030128,Portulacaria_afra,Sarcobatus_vermiculatus,0.016724617421978394,0.1918855262389132,-0.10413314842683397,-0.273254853534288
1048,0.0031230003012296947,Trifolium_angulatum,Trifolium_montanum,-0.5711673276521294,-0.16123851026505376,0.2515446325840629,0.15078539379091116
1046,5.929610000301238,Trifolium_hybridum,Trifolium_repens,-0.3728292880890063,-0.02785743805990304,0.23145617613647929,0.06145247908719331
1161,7.409693000301274,Viola_odorata,Viola_arvensis,0.15393527759894066,-0.6324127548537699,-0.11372107414013,-0.1075005956961983
1159,14.937106000301242,Viola_canescens,Viola_betonicifolia,0.13433651094868027,0.15634720085992404,-0.03103423373996872,0
1168,31.053898003501274,Acalypha_wilkesiana,Mercurialis_perennis,-0.25155915772601967,-1.8791778295865322,-0.026752158975334783,0.005603877517998512
1166,33.29099800350127,Chrozophora_oblongifolia,Ricinus_communis,-0.5895434339059662,-0.5181024813138055,0.2812216023104286,0.23408320603336796
1214,13.11896000000121,Arabidopsis_thaliana,Neslia_apiculata,0.2143265070741336,0.15852447348540366,0.08034015887582813,0.08357042358405975
1212,14.573800000001256,Erysimum_subulatum,Turritis_glabra,-0.40253886670626926,-0.21054946133976782,-0.020880496489123157,-0.055479496724049504
1219,11.396711000301252,Helianthemum_salicifolium,Helianthemum_ledifolium,-0.38568133216438216,-0.0267015458563562,0.055255507506164925,-0.027827614783543453
1217,30.79139400030124,Fumana_procumbens,Helianthemum_nummularium,0.4510386327223552,-0.055451811403615325,-0.1280056194009953,-0.11255937931446036
1298,5.814317000301287,Gasteria_verrucosa,Haworthia_attenuata,-0.08635983067474817,-0.13859944876334374,0.05799194697768684,0.14817548399071523
1296,6.8894280003012796,Aloe_broomii,Aloe_aristata,0.22184874961635637,1.2706103408394775,0.09334877131867003,0.1026440407875222
1305,23.870056500301246,Achnatherum_splendens,Achnatherum_sibiricum,-0.34190287886679194,0.21991424983915664,0.1362197470179889,0.161098894832848
1303,47.74011200030128,Vetiveria_sp.,Achnatherum_inebrians,0.28971633030620314,-0.14752000636314344,-0.0012792188391730352,0.034106567294138745
1357,3.7377200003012376,Phragmites_australis,Molinia_caerulea,1.4400690537919019,0.35739721513906275,-0.46852108295774486,-0.44493657134826115
1355,23.536565000301266,Eriachne_aristidea,Arundo_donax,-0.7674008086865556,-0.33760648845085584,0.19480915434631174,0.08293920434143098
1012,0.96017600030126,Atriplex_canescens,Atriplex_lentiformis,-0.3272440163309114,-0.343332833754489,0.19642171233614691,0.1376732052656584
1010,2.894210000301257,Atriplex_hymenelytra,Atriplex_semibaccata,-0.3980509254091755,-0.3079868065998186,0.0743333208212833,0.013240487732937067
1420,6.533462000301256,Araucaria_cunninghamii,Araucaria_heterophylla,0.30899892533525664,0.03342375548694965,0.16599093215135552,-0.02543591302196413
1418,85.28674400030127,Afrocarpus_falcatus,Araucaria_columnaris,-0.9372601029263725,-1.0790272135998658,0.09167270564892482,-0.01195025373063463
737,3.1922330003013144,Ageratina_pichinchensis,Ageratina_cylindrica,0.02482407234941464,0.09690939001038235,-0.04103832622430659,0.0991476142053016
738,1.8090730003012823,Stevia_origanoides,Stevia_salicifolia,0,0,0.014141182240180017,-0.037621635586103874
789,1.7211130003012158,Ligularia_sagitta,Ligularia_virgaurea,-0.15533603746506186,0.1739881339679168,0.21034944592139615,0.12715792632155676
790,5.510392000301181,Roldana_lobata,Barkleyanthus_salicifolius,-0.3010424558766349,-0.30102999566398103,0.02834098644537031,0.12225526439451584
826,4.382118000301261,Carduus_thoermeri,Carduus_seminudus,0.4283653180728395,0.5782644886777448,-0.14612803567823796,-0.048940163107342505
827,1.5470120003012653,Carduus_defloratus,Carduus_pycnocephalus,0.19822182298459756,0.12554594044216727,-0.07330437041781668,-0.04258744377116841
852,10.257041000301285,Carum_carvi,Falcaria_vulgaris,-0.42817684393958233,-0.12525918548424797,-0.06987127116470959,-0.06138060181090266
853,1.9652660003012556,Pimpinella_aurea,Pimpinella_tragium,-0.5296910255572573,-0.015494117951428077,0.10891129117414922,0.0892998684618973
891,5.686680000301294,Teucrium_polium,Teucrium_chamaedrys,0.02987189828674186,-1.3025529468981742,-0.11687879326625539,-0.08249390932153111
892,3.9223690003013303,Ajuga_orientalis,Ajuga_comata,0.1696515368865703,0.21030998993253225,-8.201975656032534e-4,0.02398525037190935
911,2.901657000301327,Leucophyllum_frutescens,Leucophyllum_laevigatum,-0.140178703165037,0.22518735272209,0.12224048488955908,0.1570696850716784
912,4.743626000301333,Myoporum_serratum,Myoporum_laetum,0.24006788257014877,0.13926887093830187,0.014573525916998342,-0.005466514807105138
1139,46.05332300030119,Potentilla_szovitsii,Potentilla_tanacetifolia,0.08272086693067271,1.3492480847723132,-0.19382002601611292,-0.34034326856498653
1140,18.66368100030121,Potentilla_inclinata,Potentilla_recta,-0.05473458323616098,0.3509130214988383,0.010227055634750792,0.0012675513759869972
1254,13.828373645301212,Kalanchoe_fedtschenkoi,Kalanchoe_beharensis,-0.21584285294260375,-0.06148027482350815,0.16127804894511244,0.20131090491939196
1255,8.710285700301256,Cotyledon_orbiculata,Tylecodon_paniculatus,0.06632592536203763,0.09691001300805646,0.21994733415320744,0.16533116068849285
1267,3.1393510003011897,Ranunculus_lanuginosus,Ranunculus_acris,-0.5329790721846634,0.1383026981662816,-0.00414011221028443,-0.04285820384862937
1268,2.5612980003011785,Ranunculus_strigillosus,Ranunculus_constantinopolitanus,0.12932729184082548,1.080581395868253,-0.10731855684230918,-0.08435918496210082
1279,23.254723000301283,Epipactis_helleborine,Cephalanthera_kurdica,-0.19298152654229517,-0.8587662860528111,0.04870673486338539,0.18858274918788465
1280,9.98062200030131,Gymnadenia_conopsea,Dactylorhiza_umbrosa,0.21266214111945114,0.27901425584626094,-0.09600210429680334,-0.056945593818035656
1291,9.438787000301204,Bellevalia_fominii,Muscari_neglectum,0.05418902957160365,0.12947710661876677,0.02549258832107948,0.05139215407744735
1292,15.60216800030122,Scilla_violacea,Scilla_mischtschenkoana,0.22412960436996698,-0.9162146019018703,-0.5291974099813621,-0.470844669671729
1337,2.7601670003012373,Saccharum_sinense,Saccharum,0.012834838478310573,0.042180765710293944,-0.04618098594469955,-0.05604879169168453
1338,2.75196000030121,Saccharum_officinarum,Saccharum_spontaneum,-0.23753660400053622,-0.460343845164646,0.025918904562635126,0.055657024784045106
1388,1.434130000301252,Aegilops_kotschyi,Aegilops_tauschii,-0.20090855052722456,0.025466506835643443,-0.008140820512223534,-0.023886245976607157
1389,2.575929000301244,Triticum_sativum,Triticum_aestivum,-0.7008893422743281,-0.16571464685956538,0.6300912072801557,0.6333726511002087
